<!DOCTYPE hibernate-configuration PUBLIC
        "-//Hibernate/Hibernate Configuration DTD//EN"
        "http://www.hibernate.org/dtd/hibernate-configuration-3.0.dtd">
<hibernate-configuration>
    <session-factory>
        <!-- Database connection settings -->
        <property name="hibernate.connection.driver_class">com.mysql.cj.jdbc.Driver</property>
        <property name="hibernate.connection.url">jdbc:mysql://localhost:3306/HibernateCRUD</property>
        <property name="hibernate.connection.username">Sireesha</property>
        <property name="hibernate.connection.password">Sireesha12</property>

        <!-- Hibernate dialect -->
        <property name="hibernate.dialect">org.hibernate.dialect.MySQL8Dialect</property>
        <property name="hibernate.hbm2ddl.auto">update</property>

        <property name="show_sql">true</property>
        <!-- Mapping files -->
        <!-- Add your entity mappings here -->

    </session-factory>
</hibernate-configuration>

