<!DOCTYPE hibernate-configuration PUBLIC
        "-//Hibernate/Hibernate Configuration DTD//EN"
        "http://www.hibernate.org/dtd/hibernate-configuration-3.0.dtd">
<hibernate-configuration>
    <session-factory>
        <!-- Database connection settings -->
        <property name="hibernate.connection.driver_class">com.mysql.cj.jdbc.Driver</property>
        <property name="hibernate.connection.url">jdbc:mysql://localhost:3306/Hibernate</property>
        <property name="hibernate.connection.username">Sireesha</property>
        <property name="hibernate.connection.password">Sireesha12</property>

        <!-- Hibernate dialect -->
        <property name="hibernate.dialect">org.hibernate.dialect.MySQL8Dialect</property>
        <property name="hibernate.hbm2ddl.auto">update</property>

        <property name="show_sql">true</property>

        <property name="hibernate.cache.use_second_level_cache">true</property>
        <property name="hibernate.cache.region.factory_class">org.hibernate.cache.ehcache.internal.EhcacheRegionFactory</property>
        <property name="net.sf.ehcache.configurationResourceName">ehcache.xml</property>

        <!-- Mapping files -->
        <!-- Add your entity mappings here -->


    </session-factory>
</hibernate-configuration>

